{"count":1,"self":96.529215999999991,"total":476.82904149999996,"children":{"InitializeActuators":{"count":1,"self":0.0009107,"total":0.0009107,"children":null},"InitializeSensors":{"count":1,"self":0.0020003,"total":0.0020003,"children":null},"AgentSendState":{"count":172034,"self":2.5000584,"total":3.5654828999999997,"children":{"CollectObservations":{"count":34407,"self":0.1166241,"total":0.1166241,"children":null},"WriteActionMask":{"count":34407,"self":0.025442299999999998,"total":0.025442299999999998,"children":null},"RequestDecision":{"count":34407,"self":0.15832659999999998,"total":0.92335819999999991,"children":{"AgentInfo.ToProto":{"count":34407,"self":0.1694842,"total":0.76503159999999992,"children":{"GenerateSensorData":{"count":34407,"self":0.4908916,"total":0.5955474,"children":{"RayPerceptionSensor.Perceive":{"count":34407,"self":0.1046558,"total":0.1046558,"children":null}}}}}}}}},"DecideAction":{"count":172034,"self":375.43232,"total":375.4323309,"children":null},"AgentAct":{"count":172034,"self":1.2743518,"total":1.2743518,"children":null},"AgentInfo.ToProto":{"count":921,"self":0.006954,"total":0.0247474,"children":{"GenerateSensorData":{"count":921,"self":0.012815799999999999,"total":0.0177934,"children":{"RayPerceptionSensor.Perceive":{"count":921,"self":0.0049775999999999996,"total":0.0049775999999999996,"children":null}}}}}},"gauges":{"RollerAgent.CumulativeReward":{"count":921,"max":1.98900008,"min":-5.91382647,"runningAverage":0.602207,"value":0.8159998,"weightedAverage":0.9104279}},"metadata":{"timer_format_version":"0.1.0","start_time_seconds":"1683375224","unity_version":"2021.3.10f1","command_line_arguments":"C:\\Program Files\\Unity\\Hub\\Editor\\2021.3.10f1\\Editor\\Unity.exe -projectpath C:\\Unity\\MLAgents -useHub -hubIPC -cloudEnvironment production -licensingIpc LicenseClient-Steven Warmelink -hubSessionId 5898ede0-ebec-11ed-8107-51c30f157765","communication_protocol_version":"1.5.0","com.unity.ml-agents_version":"2.0.1","scene_name":"RollerBall","end_time_seconds":"1683375701"}}